Country of deployment,Region,V-Dem Electoral Democracy Index 2021,Digital Repression Index 2021,V-Dem Regime Type 2021,Category of technology,Period of use,Year of disclosure,Commercial Entity,Country of origin,Description,Lower confidence sources,Source 1,Source 2,Source 3,Source 4,Source 5,Source 6,Source 7,,
Angola,AF,0.351,-0.251761853694916,EA,Spyware,2014,2015,FinFisher,Germany,Implicated in targeting of activists,x,https://citizenlab.ca/2015/10/mapping-finfishers-continuing-proliferation/,,,,,,,,
Argentina,WH,0.819,-1.13125967979431,ED,Digital forensics,2010s - present,2021,Cellebrite,Israel,Cellebrite has supplied federal security forces with tools for hacking into locked mobile devices since the early 2010s.,,https://freedomhouse.org/country/argentina/freedom-net/2022,https://www.accessnow.org/cms/assets/uploads/2021/08/Surveillance-Tech-Latam-Report.pdf,,,,,,,
Armenia,EUR,0.739,-0.574159562587738,ED,Spyware,,2021,Cytrox,"Israel, Hungary",Government-backed actors purchased Cytrox exploits,,https://blog.google/threat-analysis-group/protecting-android-users-from-0-day-attacks/,https://about.fb.com/news/2021/12/taking-action-against-surveillance-for-hire/,https://citizenlab.ca/2021/12/pegasus-vs-predator-dissidents-doubly-infected-iphone-reveals-cytrox-mercenary-spyware/,,,,,,
Azerbaijan,EUR,0.194,1.23669469356537,EA,Spyware,2013,2014,Hacking Team,Italy,Evidence indicates that government operators has used surveillance technology to spy on civil society since 2009,,https://citizenlab.ca/2014/02/mapping-hacking-teams-untraceable-spyware/,https://web.archive.org/web/20220205005938/https://www.iphronline.org/wp-content/uploads/2021/09/Pulling-the-Plug_report_updated.pdf,,,,,,,
Azerbaijan,EUR,0.194,1.23669469356537,EA,Spyware,2019-2021,2021,NSO Group,Israel,,,https://www.rferl.org/a/azerbaijan-pegasus-spying-nso/31365076.html,https://www.occrp.org/en/the-pegasus-project/life-in-azerbaijans-digital-autocracy-they-want-to-be-in-control-of-everything,,,,,,,
Bahrain,MENA,0.122,1.11475324630737,CA,Digital forensics,2013-2016,2016,Cellebrite,Israel,Cellebrite software used to prosecute and torture dissidents,,http://web.archive.org/web/20220223105307/https://theintercept.com/2016/12/08/phone-cracking-cellebrite-software-used-to-prosecute-tortured-dissident/,,,,,,,,
Bahrain,MENA,0.122,1.11475324630737,CA,Spyware,2010-2012,2014,FinFisher,Germany,Arab Spring activists hacked,,https://theintercept.com/2014/08/07/leaked-files-german-spy-company-helped-bahrain-track-arab-spring-protesters/,https://citizenlab.ca/storage/finfisher/final/fortheireyesonly.pdf,https://web.archive.org/web/20140814131313/https://bahrainwatch.org/blog/2014/08/07/uk-spyware-used-to-hack-bahrain-lawyers-activists/,,,,,,
Bahrain,MENA,0.122,1.11475324630737,CA,Spyware,"2016-2018, 2020, 2021","2018, 2021",NSO Group,Israel,Activists hacked,,https://citizenlab.ca/2021/08/bahrain-hacks-activists-with-nso-group-zero-click-iphone-exploits/,https://citizenlab.ca/2022/02/bahraini-activists-hacked-with-pegasus/,https://citizenlab.ca/2018/09/hide-and-seek-tracking-nso-groups-pegasus-spyware-to-operations-in-45-countries/,,,,,,
Bangladesh,SCA,0.267,1.39032077789307,EA,Digital forensics,2018-2021,2021,Cellebrite,Israel,"Intrusion technology purchased by Bangladesh’s Rapid Action Battalion, which has a record of abductions, torture, and disappearances",,https://www.aljazeera.com/news/2021/3/8/bangladesh-bought-hacking-tools-from-israel-documents-show,https://www.haaretz.com/israel-news/tech-news/2021-03-09/ty-article/.highlight/israeli-cellebrite-sold-spy-tech-to-bangladesh-death-squad/0000017f-e592-da9b-a1ff-edff29cf0000,,,,,,,
Bangladesh,SCA,0.267,1.39032077789307,EA,Spyware,,2015,FinFisher,Germany,Used by intel agency linked to major HR abuses,,https://citizenlab.ca/2015/10/mapping-finfishers-continuing-proliferation/,,,,,,,,
Bangladesh,SCA,0.267,1.39032077789307,EA,Spyware,,2018,NSO Group,Israel,,,https://citizenlab.ca/2018/09/hide-and-seek-tracking-nso-groups-pegasus-spyware-to-operations-in-45-countries/,https://bdnews24.com/bangladesh/bangladesh-on-pegasus-spyware-list-heres-what-telecoms-minister-says,,,,,,,
Belarus,EUR,0.183,1.48175191879272,EA,Digital forensics,2016-2022,2022,Cellebrite,Israel,Used intrusion software to hack activists and journalists,,https://cellebrite.com/en/cellebrite-stops-selling-its-digital-intelligence-offerings-in-russian-federation-and-belarus/,https://www.haaretz.com/israel-news/security-aviation/2022-10-21/ty-article/.premium/russia-still-using-israeli-tech-to-hack-detainees-cellphones/00000183-eb6c-d15c-a5eb-ff6cf86e0000,https://www.haaretz.com/israel-news/2020-08-18/ty-article/.premium/whats-israeli-phone-hacking-firm-cellebrite-doing-in-sanctioned-belarus/0000017f-e198-d75c-a7ff-fd9dff0b0000,,,,,,
Belarus,EUR,0.183,1.48175191879272,EA,Digital forensics,2016-2018,2019,Grayshift,United States,Used intrusion software to hack activists and journalists,,https://freedomhouse.org/country/belarus/freedom-net/2019,https://lobelog.com/belarus-still-at-war-with-press-and-parasites/,https://web.archive.org/web/20201014125328/https://naviny.by/new/20180614/1528961675-apple-sdelaet-bespoleznym-oborudovanie-belorusskih-specsluzhb-po-vzlomu,,,,,,
Belarus,EUR,0.183,1.48175191879272,EA,Digital forensics,,2021,Oxygen Software,Russia,,x,https://web.archive.org/web/20210916175625/https://www.oxygensoftware.ru/ru/company/clients,,,,,,,,
Belgium,EUR,0.885,-1.31186401844025,LD,Spyware,,2015,FinFisher,Germany,Belgian Federal Police linked to acquisition of FinFisher and Pegasus spyware,,https://citizenlab.ca/2015/10/mapping-finfishers-continuing-proliferation/,,,,,,,,
Belgium,EUR,0.885,-1.31186401844025,LD,Spyware,,2022,NSO Group,Israel,Belgian Federal Police linked to acquisition of FinFisher and Pegasus spyware,,https://web.archive.org/web/20220422121556/https://www.brusselstimes.com/218350/belgian-police-use-controversial-pegasus-spyware,,,,,,,,
Botswana,AF,0.595,-1.786,LD,Digital forensics,2020,2021,AccessData,United States,Police used software extraction to investigate journalist sources,,https://web.archive.org/web/20220307092601mp_/https://cpj.org/2021/05/equipped-us-israeli-firms-botswana-police/,,,,,,,,
Botswana,AF,0.595,-1.786,LD,Digital forensics,2020,2021,Cellebrite,Israel,Police used software extraction to investigate journalist sources,,https://web.archive.org/web/20220307092601mp_/https://cpj.org/2021/05/equipped-us-israeli-firms-botswana-police/,,,,,,,,
Brazil,WH,0.661,-0.449,ED,Digital forensics,2021,2021,Cellebrite,Israel,,,https://web.archive.org/web/20210429054007/https://www.cellebrite.com/en/digital-intelligence-is-helping-brazils-federal-police-seize-millions-in-assets-to-bring-down-drug-smuggling-kingpins/,https://www.globenewswire.com/news-release/2022/01/04/2360598/20651/en/Cellebrite-Supports-The-Exodus-Road-s-Efforts-to-Stop-Human-Trafficking-in-Brazil.html,,,,,,,
Brazil,WH,0.661,-0.449,ED,Spyware,,2019,Hacking Team,Italy,History of surveillance abuses, infiltration of online platforms and political monitoring are common,,https://privacyinternational.org/state-privacy/42/state-privacy-brazil,https://freedomhouse.org/country/brazil/freedom-net/2019,,,,,,
Bulgaria,EUR,0.656,-0.916257858276367,ED,Spyware,,2013,FinFisher,Germany,Identified intrusion server registered to the Bulgarian Ministry of State Administration and Administrative Reform,,https://citizenlab.ca/storage/finfisher/final/fortheireyesonly.pdf,,,,,,,,
Canada,WH,0.857,-1.32996678352356,LD,Spyware,2018-2020,2022,Undisclosed,Undisclosed,Canadian national police used spyware in 10 investigations between 2018 and 2020.,,https://freedomhouse.org/country/canada/freedom-net/2022,https://www.politico.com/news/2022/06/29/canada-national-police-spyware-phones-00043092,https://www.theglobeandmail.com/politics/article-security-researcher-slams-federal-government-for-refusing-to-identify/,,,,,,
Chile,WH,0.834,-0.937402069568634,LD,Spyware,,2015,Hacking Team,Italy,Investigations Police paid 2.2 million euros to buy RCS Lab software,,https://www.vice.com/en/article/gv5v8q/hacking-team-illegal-latin-american-empire,https://cpj.org/2018/03/chilean-police-accused-of-spying-on-journalists/,https://twitter.com/PDI_CHILE/status/618151545612464128,,,,,,
China,EAP,0.078,1.88792669773102,CA,Digital forensics,,2021,Cellebrite,Israel,,,https://web.archive.org/web/20220304062600/https://theintercept.com/2021/08/26/cellebrite-china-cellphone-hack/,,,,,,,,
China,EAP,0.078,1.88792669773102,CA,Digital forensics,,2019,Fiberhome,China,"Xinjiang visitors forced to download Fengcai spyware app which checks phone for items considered to be ""suspicious.""",,https://freedomhouse.org/country/china/freedom-net/2019,https://www.pcmag.com/news/china-is-installing-spyware-on-tourists-phones,https://targetedthreats.net/media/1-ExecutiveSummary.pdf,https://www.cfr.org/interactive/cyber-operations,,,,,
China,EAP,0.078,1.88792669773102,CA,Digital forensics,,2018,Meiya Pico,China,,,https://www.reuters.com/article/us-china-monitoring-insight/from-laboratory-in-far-west-chinas-surveillance-state-spreads-quietly-idUSKBN1KZ0R3,https://www.ft.com/content/73aebaaa-98a9-11e9-8cfb-30c211dcd229,,,,,,,
China,EAP,0.078,1.88792669773102,CA,Digital forensics,,2018,Resonant,China,,,https://www.reuters.com/article/us-china-monitoring-insight/from-laboratory-in-far-west-chinas-surveillance-state-spreads-quietly-idUSKBN1KZ0R3,,,,,,,,
China,EAP,0.078,1.88792669773102,CA,Digital forensics,,2018,Zhongke Ronghui Security Technology,China,,,https://www.reuters.com/article/us-china-monitoring-insight/from-laboratory-in-far-west-chinas-surveillance-state-spreads-quietly-idUSKBN1KZ0R3,,,,,,,,
Colombia,WH,0.645,0.767802059650421,ED,Digital forensics,,2015,AccessData,United States,Administrative Department of Security agents used mobile forensic units to obtain private data from devices, conducted surveillance of regime opponents,,https://web.archive.org/web/20220121073533/http://www.privacyinternational.org/sites/default/files/2017-12/DemandSupply_English.pdf,,,,,,,
Colombia,WH,0.645,0.767802059650421,ED,Spyware,,2021,Cytrox,"Israel, Hungary",,,https://about.fb.com/wp-content/uploads/2021/12/Threat-Report-on-the-Surveillance-for-Hire-Industry.pdf,,,,,,,,
Colombia,WH,0.645,0.767802059650421,ED,Spyware,2013-2014,2014,Hacking Team,Italy,Hacking Team tech used to surveil opponents of the regime,x,https://citizenlab.ca/2014/02/mapping-hacking-teams-untraceable-spyware/,,,,,,,,
Colombia,WH,0.645,0.767802059650421,ED,Spyware,,2021,Mollitiam,Spain,"Colombian armed forces bought Mollitiam tools to illegally spy on supreme court judges, politicians, journalists and journalists’ sources",,https://web.archive.org/web/20211118055952/https://www.wired.co.uk/article/phone-hacking-mollitiam-industries,https://www.semana.com/nacion/articulo/chuzadas-por-que-se-retiro-el-general-nicacio-martinez-del-ejercito/647810/,https://rsf.org/en/rsf-unveils-202020-list-press-freedom-s-digital-predators#ESPIONNAGE,https://www.wired.co.uk/article/phone-hacking-mollitiam-industries,,,,,
Côte d'Ivoire,AF,0.431,0.163366198539734,EA,Spyware,,2021,Cytrox,"Israel, Hungary",,,https://blog.google/threat-analysis-group/protecting-android-users-from-0-day-attacks/,https://citizenlab.ca/2021/12/pegasus-vs-predator-dissidents-doubly-infected-iphone-reveals-cytrox-mercenary-spyware/,,,,,,,
Cyprus,EUR,0.816,-1.04843235015869,LD,Spyware,,2015,Hacking Team,Italy,Head of intelligence service stepped down due to Hacking Team breach,,https://www.businessinsider.com/cyprus-intelligence-service-head-andreas-pentaras-steps-down-after-hacking-team-revelations-2015-7,,,,,,,,
Djibouti,AF,0.252,0.897259950637817,EA,Spyware,,2022,NSO Group,Israel,"During the Trump administration, the U.S. Central Intelligence Agency purchased Pegasus for Djibouti, which used the tool for at least a year",,https://www.nytimes.com/2022/12/08/us/politics/spyware-nso-pegasus-paragon.html?smid=nytcore-ios-share&referringSource=articleShare,https://www.nytimes.com/2022/01/28/briefing/pegasus-spyware-espionage-cyberwarfare.html,,,,,,,
Ecuador,WH,0.644,0.181345924735069,ED,Spyware,2013-2018,2018,Hacking Team,Italy,"Leaked documents have exposed illegal spying on politicians, journalists, and activists",,https://freedomhouse.org/country/ecuador/freedom-net/2019,https://www.eluniverso.com/noticias/2018/03/27/nota/6686833/senain-compro-paquetes-espionaje-ht-3-anos/,,,,,,,
Egypt,MENA,0.184,1.26966965198517,EA,Spyware,,2021,Cytrox,"Israel, Hungary",Egyptian Government Hacked Dissident Phones,,https://blog.google/threat-analysis-group/protecting-android-users-from-0-day-attacks/,https://citizenlab.ca/2021/12/pegasus-vs-predator-dissidents-doubly-infected-iphone-reveals-cytrox-mercenary-spyware/,,,,,,,
Egypt,MENA,0.184,1.26966965198517,EA,Spyware,,2015,FinFisher,Germany,,,https://citizenlab.ca/2015/10/mapping-finfishers-continuing-proliferation/,https://www.theguardian.com/technology/2011/apr/28/egypt-spying-software-gamma-finfisher,https://www.amnesty.org/en/latest/research/2020/09/german-made-finspy-spyware-found-in-egypt-and-mac-and-linux-versions-revealed/,https://privacyinternational.org/sites/default/files/2018-02/egypt_reportEnglish_0.pdf,,,,,
Egypt,MENA,0.184,1.26966965198517,EA,Spyware,2013,2014,Hacking Team,Italy,Malware campaigns against civil society,x,https://citizenlab.ca/2014/02/mapping-hacking-teams-untraceable-spyware/,https://privacyinternational.org/sites/default/files/2018-02/egypt_reportEnglish_0.pdf,,,,,,,
Egypt,MENA,0.184,1.26966965198517,EA,Digital forensics,,2019,Meiya Pico,China,,,https://www.meiyapico.com/the-assistant-minister-of-interior-and-the-director-of-information-and-communication-bureau-of-egypt-mr-ahmed-mostafa-visited-meiya-pico_n11.html,https://web.archive.org/web/20210915233527/https://ctga.web.ox.ac.uk/files/theworldwidewebofchineseandrussianinformationcontrolspdf,,,,,,,
El Salvador,WH,0.467,-0.357251167297363,EA,Spyware,2020-2021,2021,NSO Group,Israel,Pegasus spyware used against journalists and activists,,https://citizenlab.ca/2022/01/project-torogoz-extensive-hacking-media-civil-society-el-salvador-pegasus-spyware/,https://www.theguardian.com/world/2022/mar/17/pegasus-spyware-ban-el-salvador-iachr-hearing,https://www.newyorker.com/news/news-desk/a-hacked-newsroom-brings-a-spyware-maker-to-us-court-pegasus,https://elfaro.net/es/202201/el_salvador/25935/Veintid%C3%B3s-miembros-de-El-Faro-fueron-intervenidos-con-Pegasus-226-veces-entre-2020-y-2021.htm,,,,,
Estonia,EUR,0.891,-1.26621448993683,LD,Spyware,2018-2022,2022,NSO Group,Israel,Israel authorized Estonia to acquire Pegasus in 2018, Estonia made a down payment of $30 million for the system,,https://web.archive.org/web/20220902072854/https://www.nytimes.com/2022/03/23/us/politics/pegasus-israel-ukraine-russia.html,,,,,,,
Ethiopia,AF,0.314,1.63283777236938,EA,Spyware,2016-2017,2017,Cyberbit,Israel,"Targeted Ethiopian dissidents residing in the United States, United Kingdom, and other countries; targeted opposition and civil society in  Ethiopia",,https://citizenlab.ca/2017/12/champing-cyberbit-ethiopian-dissidents-targeted-commercial-spyware/,https://global.oup.com/academic/product/the-rise-of-digital-repression-9780190057497?cc=us&lang=en&,,,,,,,
Ethiopia,AF,0.314,1.63283777236938,EA,Spyware,,"2013, 2015",FinFisher,Germany,,,https://citizenlab.ca/2015/10/mapping-finfishers-continuing-proliferation/,https://citizenlab.ca/2013/03/you-only-click-twice-finfishers-global-proliferation-2/,https://global.oup.com/academic/product/the-rise-of-digital-repression-9780190057497?cc=us&lang=en&,,,,,,
Ethiopia,AF,0.314,1.63283777236938,EA,Spyware,2013,2014,Hacking Team,Italy,Surveilled opponents of the regime including ESAT employees,,https://citizenlab.ca/2014/02/mapping-hacking-teams-untraceable-spyware/,https://citizenlab.ca/2014/02/hacking-team-targeting-ethiopian-journalists/,https://global.oup.com/academic/product/the-rise-of-digital-repression-9780190057497?cc=us&lang=en&,,,,,,
Gabon,AF,0.377,0.741033494472504,EA,Spyware,2014,2015,FinFisher,Germany,Targeted opposition members and civil society,x,https://citizenlab.ca/2015/10/mapping-finfishers-continuing-proliferation/,,,,,,,,
Germany,EUR,0.87,-0.958999216556549,LD,Digital forensics,,2022,Cellebrite,Israel,Police unit prosecuting online hate speech can access Cellebrite to break into phones,,https://www.nytimes.com/2022/09/23/technology/germany-internet-speech-arrest.html,,,,,,,,
Germany,EUR,0.87,-0.958999216556549,LD,Spyware,2007-2011,2011,DigiTask,Germany,Used by state law enforcement agencies,,http://web.archive.org/web/20210507100000/https://www.dw.com/en/german-company-behind-government-spyware-admits-sale-to-bavaria/a-15453150,https://www.nbcnews.com/business/consumer/german-officials-admit-using-spyware-citizens-big-brother-scandal-grows-flna120103,https://www.dw.com/en/german-company-behind-government-spyware-admits-sale-to-bavaria/a-15453150,,,,,,
Germany,EUR,0.87,-0.958999216556549,LD,Spyware,2019-2021,2021,NSO Group,Israel,Federal criminal police purchased Pegasus for select antiterrorist and anti–organized crime operations,,https://www.dw.com/en/german-police-secretly-bought-nso-pegasus-spyware/a-59113197,https://www.europarl.europa.eu/RegData/etudes/IDAN/2022/732268/IPOL_IDA(2022)732268_EN.pdf,,,,,,,
Ghana,AF,0.663,-0.775149285793304,ED,Digital forensics,,2020,Cellebrite,Israel,Possible use against journalists,,https://cpj.org/2020/07/us-uk-interpol-give-ghana-phone-hacking-tools-raising-journalist-concerns-on-safety-and-confidentiality/,,,,,,,,
Ghana,AF,0.663,-0.775149285793304,ED,Spyware,,2017,NSO Group,Israel,Government allegedly planned to use Pegasus to snoop on the opposition figures ahead of the 2017 election,,https://www.ghanabusinessnews.com/2019/07/01/why-did-the-nca-in-ghana-acquire-israeli-company-nsos-pegasus/,https://www.ghanabusinessnews.com/2020/05/12/court-jails-former-ghana-officials-who-bought-nsos-pegasus/,https://www.haaretz.com/israel-news/tech-news/2022-01-20/ty-article/nso-ghana-op-exposed-never-before-seen-pegasus-spyware-footage-workers-passports/0000017f-f1fb-df98-a5ff-f3ffb9a20000,,,,,,
Greece,EUR,0.797,-1.07407367229462,LD,Spyware,2021-2022,2022,Cytrox,"Israel, Hungary",Intelligence services used Predator spyware to spy on MEP Androulakis and investigative journalists,,https://blog.google/threat-analysis-group/protecting-android-users-from-0-day-attacks/,https://citizenlab.ca/2021/12/pegasus-vs-predator-dissidents-doubly-infected-iphone-reveals-cytrox-mercenary-spyware/,https://www.kathimerini.gr/politics/561973684/nikos-androylakis-kataggelia-gia-parakoloythisi-toy-kinitoy-tilefonoy-toy-katethese-minytiria-anafora-ston-areio-pago/,https://www.euractiv.com/section/elections/news/eu-socialist-chief-greece-needs-political-change-after-watergate-scandal/,https://www.euractiv.com/section/digital/news/national-security-curtain-falls-down-on-greek-spyware-scandal-investigation/,https://www.nytimes.com/2022/07/27/world/europe/eu-spyware-predator-pegasus.html,https://www.europarl.europa.eu/RegData/etudes/IDAN/2022/732268/IPOL_IDA(2022)732268_EN.pdf,https://www.bloomberg.com/news/articles/2022-08-26/greece-eu-seen-probing-spy-scandal-only-in-superficial-way?sref=QmOxnLFz,https://www.europarl.europa.eu/news/en/press-room/20220905IPR39712/spyware-meps-to-hear-from-greek-officials-and-targeted-journalists
Honduras,WH,0.393,-0.313045352697372,EA,Digital forensics,,2022,Cellebrite,Israel,Intrusion technologies acquired by Honduras’s police,,https://web.archive.org/web/20220707070355/https://www.privacyinternational.org/news-analysis/3011/heres-surveillance-us-exports-central-america-aid-and-its-surviving-trumps-cuts,https://www.codastory.com/authoritarian-tech/honduras-surveillance-drug-trade/,,,,,,,
Honduras,WH,0.393,-0.313045352697372,EA,Spyware,2014-2015,2015,Hacking Team,Italy,,,https://theintercept.com/2015/07/27/ak-47-arms-dealer-goes-cyber-supplied-surveillance-tools-honduras-government/,,,,,,,,
Hong Kong,EAP,0.267,0.882239699363709,CA,Digital forensics,2019-2020,2021,Cellebrite,Israel,"Law enforcement in China and Hong Kong continue to acquire Cellebrite’s UFED product, allowing officers to break into phones and siphon data",,https://cellebrite.com/en/cellebrite-to-stop-selling-its-digital-intelligence-offerings-in-hong-kong-china/,https://theintercept.com/2021/08/26/cellebrite-china-cellphone-hack/,,,,,,,
Hong Kong,EAP,0.267,0.882239699363709,CA,Digital forensics,2020,2021,MSAB,Sweden,MSAB's technolgoy was used to break into activist Joshua Wong's phone,,https://scandasia.com/swedish-technology-is-being-used-against-protestors-in-hong-kong/,,,,,,,,
Hungary,EUR,0.462,-0.509154796600342,EA,Spyware,,2018,Black Cube,Israel,Black Cube involved in campaign to discredit nongovernmental organizations ahead of elections,,https://www.politico.eu/article/viktor-orban-israeli-intelligence-firm-targeted-ngos-during-hungarys-election-campaign-george-soros/,,,,,,,,
Hungary,EUR,0.462,-0.509154796600342,EA,Spyware,,2021,Candiru,Israel,,x,https://citizenlab.ca/2021/07/hooking-candiru-another-mercenary-spyware-vendor-comes-into-focus/,,,,,,,,
Hungary,EUR,0.462,-0.509154796600342,EA,Spyware,,2014,Hacking Team,Italy,,x,https://citizenlab.ca/2014/02/mapping-hacking-teams-untraceable-spyware/,,,,,,,,
Hungary,EUR,0.462,-0.509154796600342,EA,Spyware,2017-2022,2022,NSO Group,Israel,"Pegasus used to monitor journalists, media company owners, lawyers, opposition, and government officials",,https://www.politico.eu/wp-content/uploads/2022/11/08/PEGA-draft-report-final-8-1117473.pdf,https://www.direkt36.hu/en/feltarulnak-a-pegasus-kemszoftver-beszerzesenek-rejtelyei/,,,,,,,
India,SCA,0.444,1.01287436485291,EA,Digital forensics,,2020,Cellebrite,Israel,,,https://web.archive.org/web/20220316151048mp_/https://www.medianama.com/2020/12/223-exclusive-delhi-police-has-tools-extract-data-from-smartphones-iphones/,,,,,,,,
India,SCA,0.444,1.01287436485291,EA,Spyware,2017-2021,2021,NSO Group,Israel,"Used spyware to target hundreds of journalists, activists, opposition politicians, government officials, and business executives",,https://www.washingtonpost.com/world/2021/07/19/india-nso-pegasus/,https://freedomhouse.org/country/india/freedom-net/2022,https://web.archive.org/web/20220606092300/https://www.nytimes.com/2022/01/28/magazine/nso-group-israel-spyware.html,,,,,,
Indonesia,EAP,0.585,-0.0831971168518066,ED,Spyware,,2021,Candiru,Israel,,x,https://citizenlab.ca/2021/07/hooking-candiru-another-mercenary-spyware-vendor-comes-into-focus/,,,,,,,,
Indonesia,EAP,0.585,-0.0831971168518066,ED,Digital forensics,,2020,Cellebrite,Israel,,,https://www.haaretz.com/israel-news/tech-news/2020-11-02/ty-article/.highlight/hacking-grindr-israels-cellebrite-sold-phone-spy-tech-to-indonesia/0000017f-db25-db22-a17f-ffb5bd550000,,,,,,,,
Indonesia,EAP,0.585,-0.0831971168518066,ED,Spyware,,2021,Cytrox,"Israel, Hungary",,,https://blog.google/threat-analysis-group/protecting-android-users-from-0-day-attacks/,https://citizenlab.ca/2021/12/pegasus-vs-predator-dissidents-doubly-infected-iphone-reveals-cytrox-mercenary-spyware/,,,,,,,
Indonesia,EAP,0.585,-0.0831971168518066,ED,Spyware,,2015,FinFisher,Germany,"Persecuted LGBT population, religious minorities",,https://citizenlab.ca/2015/10/mapping-finfishers-continuing-proliferation/,,,,,,,,
Indonesia,EAP,0.585,-0.0831971168518066,ED,Spyware,2021,2022,NSO Group,Israel,More than a dozen senior Indonesian government and military officials were targeted last year with spy software,,https://www.reuters.com/world/asia-pacific/exclusive-senior-indonesian-officials-targeted-by-spyware-last-year-sources-2022-09-30/,https://www.i24news.tv/en/news/international/asia-pacific/1664512334-report-senior-indonesian-officials-targeted-by-nso-spyware,,,,,,,
Israel,MENA,0.739,-0.250271856784821,LD,Spyware,,2022,NSO Group,Israel,"Police reportedly used Pegasus against antigovernment protests, senior politician, mayors, and employees of government-owned companies; Pegasus also found on Palestinian activists' cellphones",,https://www.reuters.com/world/middle-east/israeli-citizens-hacked-by-police-using-pegasus-newspaper-says-2022-01-18/,https://www.frontlinedefenders.org/en/statement-report/statement-targeting-palestinian-hrds-pegasus,https://www.haaretz.com/israel-news/2022-02-07/ty-article/israel-police-used-nsos-pegasus-spyware-against-top-govt-officials-journalists-and-activists/0000017f-e7ff-da9b-a1ff-efff62400000,,,,,,
Israel,MENA,0.739,-0.250271856784821,LD,IOT hacking,,2022,Toka,Israel,"Allow clients to locate security cameras, hack into them, watch their live feed and even alter it; reported $6M contract in Israel",,https://www.haaretz.com/israel-news/security-aviation/2022-12-23/ty-article-magazine/.premium/revealed-the-israeli-firm-selling-dystopian-hacking-capabilities/00000185-0bc6-d26d-a1b7-dbd739100000,,,,,,,,
Italy,EUR,0.851,-1.09662210941315,LD,Spyware,,2019,eSurv,Italy,State police used spyware,,https://www.vice.com/en/article/43z93g/hackers-hid-android-malware-in-google-play-store-exodus-esurv,https://www.vice.com/en/article/eveeq4/prosecutors-investigation-esurv-exodus-malware-on-google-play-store,,,,,,,
Italy,EUR,0.851,-1.09662210941315,LD,Spyware,,2014-2015,FinFisher,Germany,,x,https://citizenlab.ca/2015/10/mapping-finfishers-continuing-proliferation/,,,,,,,,
Italy,EUR,0.851,-1.09662210941315,LD,Spyware,,2011-2014,Hacking Team,Italy,Concerns that intel agencies are intercepting personal communications employing hacking without statutory authorization or safeguards,,https://citizenlab.ca/2014/02/mapping-hacking-teams-untraceable-spyware/,https://tbinternet.ohchr.org/_layouts/15/treatybodyexternal/Download.aspx?symbolno=CCPR%2fC%2fITA%2fCO%2f6&Lang=en,,https://freedomhouse.org/country/italy/freedom-net/2019,,,,,
Italy,EUR,0.851,-1.09662210941315,LD,Spyware,2022,2022,RCS Labs,Italy,Italian authorities used RCS Lab's Hermit spyware for an anti-corruption operation,,https://web.archive.org/web/20220624071059/https://blog.google/threat-analysis-group/italian-spyware-vendor-targets-users-in-italy-and-kazakhstan/,https://www.lookout.com/blog/hermit-spyware-discovery,,,,,,,
Jordan,MENA,0.258,0.23454661667347,CA,Spyware,,2015,FinFisher,Germany,"Used malware to spy on journalists, human rights defenders, and opposition",,https://citizenlab.ca/2015/10/mapping-finfishers-continuing-proliferation/,https://freedomhouse.org/country/jordan/freedom-net/2019,https://citizenlab.ca/2022/04/peace-through-pegasus-jordanian-human-rights-defenders-and-journalists-hacked-with-pegasus-spyware/,,,,,,
Jordan,MENA,0.258,0.23454661667347,CA,Spyware,2019-2021,2022,NSO Group,Israel,Mobile phones of four Jordanian human rights activists were hacked over a two-year period,,https://apnews.com/article/technology-business-canada-israel-spyware-ef7e883fb9f2224d2b3f07b51d818daa,,,,,,,,
Kazakhstan,SCA,0.257,1.17134130001068,EA,Spyware,2015,2015,FinFisher,Germany,,x,https://citizenlab.ca/2015/10/mapping-finfishers-continuing-proliferation/,,,,,,,,
Kazakhstan,SCA,0.257,1.17134130001068,EA,Spyware,2013-2014,2014,Hacking Team,Italy,Obtained software to monitor and interfere with online traffic and perform targeted cyberattacks against users and devices,,https://citizenlab.ca/2014/02/mapping-hacking-teams-untraceable-spyware/,,https://www.haaretz.com/israel-news/.premium.MAGAZINE-israel-s-cyber-spy-industry-aids-dictators-hunt-dissidents-and-gays-1.6573027,https://freedomhouse.org/country/kazakhstan/freedom-net/2019,,,,,
Kazakhstan,SCA,0.257,1.17134130001068,EA,Spyware,,2021,NSO Group,Israel,Dozens of government and business persons surveilled,,https://www.occrp.org/en/the-pegasus-project/trust-no-one-top-kazakh-oligarchs-and-dozens-of-government-officials-may-have-been-spied-on-with-pegasus,,,,,,,,
Kazakhstan,SCA,0.257,1.17134130001068,EA,Digital forensics,,2013,Oxygen Software,Russia,Reseller Softline directly markets Oxygen’s Forensics Suite on Allsoft.kz.,,https://www.accessnow.org/cms/assets/uploads/archive/docs/Commonwealth_of_Surveillance_States_ENG_1.pdf,,,,,,,,
Kazakhstan,SCA,0.257,1.17134130001068,EA,Spyware,2022,2022,RCS Labs,Italy,,,https://blog.google/threat-analysis-group/italian-spyware-vendor-targets-users-in-italy-and-kazakhstan/,https://www.lookout.com/blog/hermit-spyware-discovery,,,,,,,
Kenya,AF,0.471,-0.177775517106056,EA,Spyware,,2015,FinFisher,Germany,Spyware reportedly used to repress civil society organizations and human rights defenders, linked to National Security Intelligence,,https://citizenlab.ca/2015/10/mapping-finfishers-continuing-proliferation/,,,,,,,
Kenya,AF,0.471,-0.177775517106056,EA,Spyware,2015,"2016, 2018",NSO Group,Israel,,,https://citizenlab.ca/2016/08/million-dollar-dissident-iphone-zero-day-nso-group-uae/,https://citizenlab.ca/2018/09/hide-and-seek-tracking-nso-groups-pegasus-spyware-to-operations-in-45-countries/,,,,,,,
Lebanon,MENA,0.455,0.668000936508179,EA,Spyware,,2018,Dark Caracal,Lebanon,"Developed unique mobile surveillance tool, Dark Caracal/Pallas, to extractdata from Android devices",,https://info.lookout.com/rs/051-ESQ-475/images/Lookout_Dark-Caracal_srr_20180118_us_v.1.0.pdf,https://freedomhouse.org/country/lebanon/freedom-net/2019,https://privacyinternational.org/state-privacy/1081/state-privacy-lebanon#commssurveillance,,,,,,
Lebanon,MENA,0.455,0.668000936508179,EA,Spyware,2014,2015,FinFisher,Germany,Linked to General Directorate of General Security & Internal Security Forces,,https://citizenlab.ca/2015/10/mapping-finfishers-continuing-proliferation/,,,,,,,,
Lebanon,MENA,0.455,0.668000936508179,EA,Spyware,,2015,Hacking Team,Italy,,,https://web.archive.org/web/20220208213155/https://advox.globalvoices.org/2015/07/08/for-arab-human-rights-defenders-hacking-team-files-confirm-suspicions-of-state-surveillance/#,https://web.archive.org/web/20220208213155/https://advox.globalvoices.org/2015/07/08/for-arab-human-rights-defenders-hacking-team-files-confirm-suspicions-of-state-surveillance/#,,,,,,,
Madagascar,AF,0.481,0.0424748435616493,EA,Spyware,,2021,Cytrox,"Israel, Hungary",Likely government-backed actors purchased Cytrox exploits,,https://blog.google/threat-analysis-group/protecting-android-users-from-0-day-attacks/,https://citizenlab.ca/2021/12/pegasus-vs-predator-dissidents-doubly-infected-iphone-reveals-cytrox-mercenary-spyware/,https://www.wired.com/story/android-spyware-cytrox-predator-google-tag/,,,,,,
Malaysia,EAP,0.413,-0.076143205165863,EA,Spyware,"2013, 2014","2013, 2015",FinFisher,Germany,Citizen Lab discovered a booby-trapped document that contained a candidate list for 2013 Malaysian general elections,x,https://citizenlab.ca/2015/10/mapping-finfishers-continuing-proliferation/,https://citizenlab.ca/storage/finfisher/final/fortheireyesonly.pdf,,,,,,,
Malaysia,EAP,0.413,-0.076143205165863,EA,Spyware,2012-2014,2014,Hacking Team,Italy,Extensive documentation of government acquisition of spyware,,https://citizenlab.ca/2014/02/mapping-hacking-teams-untraceable-spyware/,https://freedomhouse.org/country/malaysia/freedom-net/2019,,,,,,,
Mexico,WH,0.628,-0.518909156322479,ED,Spyware,2014-2015,2015,FinFisher,Germany,,x,https://citizenlab.ca/2015/10/mapping-finfishers-continuing-proliferation/,,,,,,,,
Mexico,WH,0.628,-0.518909156322479,ED,Spyware,2013-2014,2014,Hacking Team,Italy,Malware to track civil society/opposition/journalists,,https://citizenlab.ca/2014/02/mapping-hacking-teams-untraceable-spyware/,https://www.theguardian.com/world/2020/dec/07/mexico-cartels-drugs-spying-corruption,,,,,,,
Mexico,WH,0.628,-0.518909156322479,ED,Spyware,"2016-2018, 2021","2018, 2022",NSO Group,Israel,Reporters and activists hacked with NSO Group spyware,,https://citizenlab.ca/2018/09/hide-and-seek-tracking-nso-groups-pegasus-spyware-to-operations-in-45-countries/,https://www.theguardian.com/world/2022/oct/04/mexico-nso-spyware-journalists-human-rights-hacked-pegasus,,,,,,,
Mexico,WH,0.628,-0.518909156322479,ED,Spyware,2021,2022,Quadream,Israel,,,https://web.archive.org/web/20220208122612/https://www.reuters.com/technology/exclusive-iphone-flaw-exploited-by-second-israeli-spy-firm-sources-2022-02-03/,,,,,,,,
Mongolia,EAP,0.628,-0.814999520778656,ED,Spyware,,2015,FinFisher,Germany,Linkages between FinFisher malware and State Special Security Department,,https://citizenlab.ca/2015/10/mapping-finfishers-continuing-proliferation/,,,,,,,,
Morocco,MENA,0.261,0.774875462055206,CA,Digital forensics,,2021,Cellebrite,Israel,Moroccan officials were taught how to extract data from mobile phones using Xry and UFED (software produced by MSAB and Israeli-based Cellebrite),,https://www.accessnow.org/cms/assets/uploads/2021/10/21.10.08_EU_Ombudsman_Complaint_Final.pdf,,,,,,,,
Morocco,MENA,0.261,0.774875462055206,CA,Spyware,2012-2015,2015,FinFisher,Germany,Supreme Council of National Defense allegedly used spyware,,https://citizenlab.ca/2015/10/mapping-finfishers-continuing-proliferation/,,,,,,,,
Morocco,MENA,0.261,0.774875462055206,CA,Spyware,2012-2014,2014,Hacking Team,Italy,RCS Lab spyware used against award-winning Moroccan media outlet Mamfakinch,,https://citizenlab.ca/2014/02/mapping-hacking-teams-untraceable-spyware/,https://privacyinternational.org/sites/default/files/2018-02/Their%20Eyes%20on%20Me%20-%20English_0.pdf,,,,,,,
Morocco,MENA,0.261,0.774875462055206,CA,Digital forensics,,2021,MSAB,Sweden,Moroccan officials were taught how to extract data from mobile phones using Xry and UFED (software produced by MSAB and Israeli-based Cellebrite),,https://www.accessnow.org/cms/assets/uploads/2021/10/21.10.08_EU_Ombudsman_Complaint_Final.pdf,,,,,,,,
Morocco,MENA,0.261,0.774875462055206,CA,Spyware,2017-2021,"2018, 2022",NSO Group,Israel,Spyware targeted civil society and French government officials,,https://citizenlab.ca/2018/09/hide-and-seek-tracking-nso-groups-pegasus-spyware-to-operations-in-45-countries/,https://www.europarl.europa.eu/RegData/etudes/IDAN/2022/732268/IPOL_IDA(2022)732268_EN.pdf,https://www.middleeastmonitor.com/20220106-france-morocco-ties-remain-damaged-by-israel-spyware-claims/,,,,,,
Myanmar,EAP,0.126,2.01461434364319,CA,Digital forensics,2016-2021,"2019, 2021",Cellebrite,Israel,Used Cellebrite to collect data from journalists’ smartphones, telecommunications companies ordered to install intercept spyware,,https://www.nytimes.com/2021/03/01/world/asia/myanmar-coup-military-surveillance.html,https://www.washingtonpost.com/world/asia_pacific/security-tech-companies-once-flocked-to-myanmar-one-firms-tools-were-used-against-two-journalists-/2019/05/04/d4e9f7f0-5b5d-11e9-b8e3-b03311fbbbfe_story.html,https://freedomhouse.org/country/myanmar/freedom-net/2019,https://web.archive.org/web/20210415081409/https://www.justiceformyanmar.org/stories/tools-of-digital-repression,https://www.nytimes.com/2021/03/01/world/asia/myanmar-coup-military-surveillance.html,,,
Myanmar,EAP,0.126,2.01461434364319,CA,Digital forensics,2019-2020,2021,EaseUS,China,,x,https://web.archive.org/web/20210415081409/https://www.justiceformyanmar.org/stories/tools-of-digital-repression,,,,,,,,
Myanmar,EAP,0.126,2.01461434364319,CA,Digital forensics,2020-2021,2021,Elcomsoft,Russia,,x,https://web.archive.org/web/20210415081409/https://www.justiceformyanmar.org/stories/tools-of-digital-repression,,,,,,,,
Myanmar,EAP,0.126,2.01461434364319,CA,Digital forensics,2020-2021,2021,iMyFone,Hong Kong,,x,https://web.archive.org/web/20210415081409/https://www.justiceformyanmar.org/stories/tools-of-digital-repression,,,,,,,,
Myanmar,EAP,0.126,2.01461434364319,CA,Digital forensics,?-2021,2021,Magnet Forensics,Canada,,,https://www.occrp.org/en/37-ccblog/ccblog/14621-myanmar-security-forces-using-western-surveillance-tech-against-civilians,https://www.theglobeandmail.com/world/article-two-canadian-companies-sold-myanmar-powerful-tools-to-extract-phone/,,,,,,,
Myanmar,EAP,0.126,2.01461434364319,CA,Digital forensics,2019-2021,2021,MSAB,Sweden,MSAB sold phone extraction products to Myanmar security forces.,,https://www.nytimes.com/2021/03/01/world/asia/myanmar-coup-military-surveillance.html,https://theintercept.com/2021/06/14/myanmar-msab-eu-technology-regulation/?utm_medium=social&utm_source=twitter&utm_campaign=theintercept,https://web.archive.org/web/20210415081409/https://www.justiceformyanmar.org/stories/tools-of-digital-repression,https://theintercept.com/2021/06/14/myanmar-msab-eu-technology-regulation/,,,,,
Myanmar,EAP,0.126,2.01461434364319,CA,Digital forensics,2018-2020,2021,OpenText,Canada,OpenText sold digital technology that can extract and decrypt deleted data and other information to the Myanmar security forces.,,https://www.occrp.org/en/37-ccblog/ccblog/14621-myanmar-security-forces-using-western-surveillance-tech-against-civilians,https://www.theglobeandmail.com/world/article-two-canadian-companies-sold-myanmar-powerful-tools-to-extract-phone/,https://web.archive.org/web/20210415081409/https://www.justiceformyanmar.org/stories/tools-of-digital-repression,,,,,,
Myanmar,EAP,0.126,2.01461434364319,CA,Digital forensics,2018-2019,2021,Oxygen Software,Russia,,x,https://web.archive.org/web/20210415081409/https://www.justiceformyanmar.org/stories/tools-of-digital-repression,,,,,,,,
Myanmar,EAP,0.126,2.01461434364319,CA,Digital forensics,2018-2019,2021,Passware,United States,,x,https://web.archive.org/web/20210415081409/https://www.justiceformyanmar.org/stories/tools-of-digital-repression,,,,,,,,
Myanmar,EAP,0.126,2.01461434364319,CA,Digital forensics,2019-2020,2021,SalvationData,China,,x,https://web.archive.org/web/20210415081409/https://www.justiceformyanmar.org/stories/tools-of-digital-repression,,,,,,,,
Myanmar,EAP,0.126,2.01461434364319,CA,Digital forensics,2019-2020,2021,SecurCube,Italy,,x,https://www.occrp.org/en/37-ccblog/ccblog/14621-myanmar-security-forces-using-western-surveillance-tech-against-civilians,https://irpimedia.irpi.eu/euarms-armi-dual-use-birmania/,https://web.archive.org/web/20210415081409/https://www.justiceformyanmar.org/stories/tools-of-digital-repression,https://www.nytimes.com/2021/03/01/world/asia/myanmar-coup-military-surveillance.html,https://www.business-humanrights.org/en/latest-news/myanmar-italian-spyware-company-the-hacking-team-in-talks-with-govt-since-2012-to-establish-domestic-surveillance-emails-leak-reveal/,https://www.lighthousereports.nl/investigation/eu-spy-tech-serves-myanmar-junta/,https://theintercept.com/2021/06/14/myanmar-msab-eu-technology-regulation/?utm_medium=social&utm_source=twitter&utm_campaign=theintercept,https://www.theglobeandmail.com/world/article-two-canadian-companies-sold-myanmar-powerful-tools-to-extract-phone/,https://www.occrp.org/en/37-ccblog/ccblog/14621-myanmar-security-forces-using-western-surveillance-tech-against-civilians
Myanmar,EAP,0.126,2.01461434364319,CA,Digital forensics,2020-2021,2021,Silicon Forensics,United States,,x,https://web.archive.org/web/20210415081409/https://www.justiceformyanmar.org/stories/tools-of-digital-repression,,,,,,,,
Myanmar,EAP,0.126,2.01461434364319,CA,Digital forensics,2020-2021,2021,Sirchie,United States,,x,https://web.archive.org/web/20210415081409/https://www.justiceformyanmar.org/stories/tools-of-digital-repression,,,,,,,,
Myanmar,EAP,0.126,2.01461434364319,CA,Digital forensics,2019-2020,2021,SysTools,United States,,x,https://web.archive.org/web/20210415081409/https://www.justiceformyanmar.org/stories/tools-of-digital-repression,,,,,,,,
Netherlands,EUR,0.862,-1.23278892040253,LD,Spyware,,2011,DigiTask,Germany,DigiTask sold spyware to public authorities in the Netherlands.,,http://web.archive.org/web/20210507100000/https://www.dw.com/en/german-company-behind-government-spyware-admits-sale-to-bavaria/a-15453150,,,,,,,,
Netherlands,EUR,0.862,-1.23278892040253,LD,Spyware,2019,2022,NSO Group,Israel,Police and security service used Pegasus to track down a crime suspect.,,https://www.politico.eu/wp-content/uploads/2022/11/08/PEGA-draft-report-final-8-1117473.pdf,https://www.volkskrant.nl/nieuws-achtergrond/aivd-gebruikt-omstreden-israelische-hacksoftware~b05a6d91/,,,,,,,
Nigeria,AF,0.491,-0.14425890147686,EA,Digital forensics,,"2011, 2019",AccessData,United States,Nigerian security forces purchased intrusive technology,,https://www.vanguardngr.com/2011/08/systemtrust-accessdata-offer-digital-security-solutions/,https://cpj.org/2019/10/nigerian-military-target-journalists-phones-forensic-search/,,,,,,,
Nigeria,AF,0.491,-0.14425890147686,EA,Digital forensics,,2019,Cellebrite,Israel,,,https://cpj.org/2019/10/nigerian-military-target-journalists-phones-forensic-search/,https://cellebrite.com/en/learn-how-photo-location-metadata-was-used-to-stop-nigerian-drug-lords-operation/,,,,,,,
Nigeria,AF,0.491,-0.14425890147686,EA,Spyware,,2014,FinFisher,Germany,,,https://citizenlab.ca/2015/10/mapping-finfishers-continuing-proliferation/,https://www.theguardian.com/technology/2014/sep/16/wikileaks-finfisher-files-malware-surveillance,,,,,,,
Nigeria,AF,0.491,-0.14425890147686,EA,Spyware,,2014,Hacking Team,Italy,Intrusion software used to spy on politicians and regime opponents, Hacking Team worked with the governor of the state of Bayelsa.,,https://citizenlab.ca/2014/02/mapping-hacking-teams-untraceable-spyware/,https://www.premiumtimesng.com/news/top-news/186189-hacking-team-bayelsa-govts-internet-surveillance-contractor-hacked.html,http://web.archive.org/web/20151218184833/http://saharareporters.com/2015/07/11/nigerian-governor-bayelsa-state-distributes-hacked-blackberry-phones-so-he-could-monitor,,,,,
Oman,MENA,0.176,0.890875637531281,CA,Spyware,,2021,Cytrox,"Israel, Hungary",Ministry of Interior linked to targeted surveillance,,https://citizenlab.ca/2021/12/pegasus-vs-predator-dissidents-doubly-infected-iphone-reveals-cytrox-mercenary-spyware/,https://about.fb.com/wp-content/uploads/2021/12/Threat-Report-on-the-Surveillance-for-Hire-Industry.pdf,,,,,,,
Oman,MENA,0.176,0.890875637531281,CA,Spyware,,2015,FinFisher,Germany,Ministry of Interior linked to targeted surveillance,,https://citizenlab.ca/2015/10/mapping-finfishers-continuing-proliferation/,,,,,,,,
Oman,MENA,0.176,0.890875637531281,CA,Spyware,,2014,Hacking Team,Italy,Ministry of Interior linked to targeted surveillance,,https://citizenlab.ca/2014/02/mapping-hacking-teams-untraceable-spyware/,https://theintercept.com/2015/07/08/hacking-team-emails-exposed-death-squad-uk-spying/,,,,,,,
Pakistan,SCA,0.363,0.654068112373352,EA,Spyware,,2014,FinFisher,Germany,Used malware to infect PowerPoint documents and steal files from targeted computers,,https://citizenlab.ca/wp-content/uploads/2019/02/Submission-to-the-UN-Special-Rapporteur-on-the-promotion-and-protection-of-the-right-to-freedom-of-opinion-and-expression-on-the-surveillance-industry-and-human-rights-2.pdf,https://www.dawn.com/news/1127405,https://www.theguardian.com/technology/2014/sep/16/wikileaks-finfisher-files-malware-surveillance,,,,,,
Panama,WH,0.75,-0.816019177436829,ED,Spyware,,2014,Hacking Team,Italy,Used software to track 150 people illegally,,https://citizenlab.ca/2014/02/mapping-hacking-teams-untraceable-spyware/,https://www.haaretz.com/israel-news/.premium.MAGAZINE-israel-s-cyber-spy-industry-aids-dictators-hunt-dissidents-and-gays-1.6573027,https://theintercept.com/2015/07/08/hacking-team-emails-exposed-death-squad-uk-spying/,,,,,,
Panama,WH,0.75,-0.816019177436829,ED,Spyware,2012-2014,2017,NSO Group,Israel,"Ex-president Ricardo Martinelli accused of using Pegasus to spy on political enemies, business rivals, and even a mistress.",,https://web.archive.org/web/20220606092300/https://www.nytimes.com/2022/01/28/magazine/nso-group-israel-spyware.html,https://www.univision.com/univision-news/latin-america/exclusive-panamas-ex-president-wiretapped-americans-according-to-court-documents,https://www.nytimes.com/2017/06/20/world/americas/former-president-of-panama-fights-extradition-in-miami-court.html,,,,,,
Paraguay,WH,0.57,-0.805787861347199,ED,Spyware,2012,2016,FinFisher,Germany,Used spyware on journalists,,https://citizenlab.ca/2015/10/mapping-finfishers-continuing-proliferation/,https://www.tedic.org/en/military-authorities-in-paraguay-illegally-spy-on-journalist/,,,,,,,
Philippines,EAP,0.429,0.420167863368988,EA,Spyware,,2021,Cytrox,"Israel, Hungary",Identified as a Cytro customer,x,https://about.fb.com/wp-content/uploads/2021/12/Threat-Report-on-the-Surveillance-for-Hire-Industry.pdf,https://citizenlab.ca/2021/12/pegasus-vs-predator-dissidents-doubly-infected-iphone-reveals-cytrox-mercenary-spyware/,,,,,,,
Philippines,EAP,0.429,0.420167863368988,EA,Digital forensics,,2019,Meiya Pico,China,,x,https://www.meiyapico.com/meiya-pico-join-hands-with-partners-into-belt-and-road-country-philippines_n7.html,https://web.archive.org/web/20210915233527/https://ctga.web.ox.ac.uk/files/theworldwidewebofchineseandrussianinformationcontrolspdf,,,,,,,
Poland,EUR,0.585,-0.674746751785278,ED,Spyware,,2014,Hacking Team,Italy,"Law and Justice party’s leader admitted purchasing Pegasus, which was used against various opposition leaders",,https://citizenlab.ca/2014/02/mapping-hacking-teams-untraceable-spyware/,https://theintercept.com/2015/07/08/hacking-team-emails-exposed-death-squad-uk-spying/,,,,,,,
Poland,EUR,0.585,-0.674746751785278,ED,Spyware,2017-2019,2018,NSO Group,Israel,,,https://www.europarl.europa.eu/RegData/etudes/IDAN/2022/732268/IPOL_IDA(2022)732268_EN.pdf,https://www.politico.eu/article/poland-pis-israeli-spyware-questions/,https://www.politico.eu/wp-content/uploads/2022/11/08/PEGA-draft-report-final-8-1117473.pdf,https://apnews.com/article/technology-business-poland-hacking-warsaw-8b52e16d1af60f9c324cf9f5099b687e,https://citizenlab.ca/2018/09/hide-and-seek-tracking-nso-groups-pegasus-spyware-to-operations-in-45-countries/,,,,
Romania,EUR,0.782,-0.946315228939056,ED,Spyware,,2015,FinFisher,Germany,Purchase linked to government actors,x,http://web.archive.org/web/20220418094632/https://citizenlab.ca/2015/10/mapping-finfishers-continuing-proliferation/,https://www.ecchr.eu/en/case/surveillance-software-germany-turkey-finfisher/,,,,,,,
Russia,EUR,0.257,0.893276870250702,EA,Digital forensics,,2020,Cellebrite,Israel,,,http://web.archive.org/web/20220107132819/https://advox.globalvoices.org/2021/04/07/israeli-phone-hacking-firm-stops-sales-to-belarus-and-russia/,https://cellebrite.com/en/cellebrite-stops-selling-its-digital-intelligence-offerings-in-russian-federation-and-belarus/,,,,,,,
Russia,EUR,0.257,0.893276870250702,EA,Spyware,,2015,Hacking Team,Italy,"Online accounts of journalists and civil society activists often compromised, indicating a coordinated campaign to access their data",,https://citizenlab.ca/wp-content/uploads/2019/02/Submission-to-the-UN-Special-Rapporteur-on-the-promotion-and-protection-of-the-right-to-freedom-of-opinion-and-expression-on-the-surveillance-industry-and-human-rights-2.pdf,https://theintercept.com/2015/07/07/leaked-documents-confirm-hacking-team-sells-spyware-repressive-countries/,,,,,,,
Russia,EUR,0.257,0.893276870250702,EA,Digital forensics,,2018,Meiya Pico,China,The Investigative Committee of Russia purchased digital forensics tool MagiCube from Meiya Pico.,,https://www.bbc.com/russian/features-45172681,,,,,,,,
Rwanda,AF,0.236,0.643821835517883,EA,Spyware,2016-2020,2019,NSO Group,Israel,Security officials authorized to tap online communications, Pegasus targeted Rwandan dissidents and Belgian journalists,,https://freedomhouse.org/country/rwanda/freedom-net/2019,https://citizenlab.ca/2018/09/hide-and-seek-tracking-nso-groups-pegasus-spyware-to-operations-in-45-countries/,https://www.ft.com/content/d9127eae-f99d-11e9-98fd-4d6c20050229,https://www.timesofisrael.com/rwanda-believed-to-have-used-nso-spyware-against-belgian-journalist-wife/,https://www.amnesty.org/en/latest/press-release/2021/07/rwandan-authorities-chose-thousands-of-activists-journalists-and-politicians-to-target-with-nso-spyware/,https://www.theguardian.com/world/2022/jul/18/nephew-of-jailed-hotel-rwanda-dissident-hacked-by-nso-spyware,https://corporate.dw.com/en/south-africas-ramaphosa-listed-as-rwanda-spyware-target/a-58589933,
Saudi Arabia,MENA,0.016,1.50195384025574,CA,Spyware,2018-2021,2021,Candiru,Israel,,,https://citizenlab.ca/2021/07/hooking-candiru-another-mercenary-spyware-vendor-comes-into-focus/,https://www.nytimes.com/2021/07/17/world/middleeast/israel-saudi-khashoggi-hacking-nso.html,https://blogs.microsoft.com/on-the-issues/2021/07/15/cyberweapons-cybersecurity-sourgum-malware/,https://web.archive.org/web/20220516003857/https://www.forbes.com/sites/thomasbrewster/2019/10/03/meet-candiru-the-super-stealth-cyber-mercenaries-hacking-apple-and-microsoft-pcs-for-profit/?sh=3e6dfdf25a39,,,,,
Saudi Arabia,MENA,0.016,1.50195384025574,CA,Digital forensics,2019,2020,Cellebrite,Israel,,,https://freedomhouse.org/country/saudi-arabia/freedom-net/2022,https://www.haaretz.com/israel-news/tech-news/2020-09-16/ty-article/.premium/revealed-israeli-firm-provided-phone-hacking-services-to-saudi-arabia/0000017f-db23-db5a-a57f-db6be9490000,https://www.trtworld.com/middle-east/saudi-arabia-hired-israeli-firm-cellebrite-to-hack-phones-39832,,,,,,
Saudi Arabia,MENA,0.016,1.50195384025574,CA,Spyware,,2021,Cytrox,"Israel, Hungary",,,https://citizenlab.ca/2021/12/pegasus-vs-predator-dissidents-doubly-infected-iphone-reveals-cytrox-mercenary-spyware/,https://about.fb.com/wp-content/uploads/2021/12/Threat-Report-on-the-Surveillance-for-Hire-Industry.pdf,,,,,,,
Saudi Arabia,MENA,0.016,1.50195384025574,CA,Spyware,,2015,FinFisher,Germany,,x,https://citizenlab.ca/2015/10/mapping-finfishers-continuing-proliferation/,,,,,,,,
Saudi Arabia,MENA,0.016,1.50195384025574,CA,Spyware,,2014,Hacking Team,Italy,Extensive documented abuses of spyware to target political opponents and civil society,,https://citizenlab.ca/2014/02/mapping-hacking-teams-untraceable-spyware/,https://theintercept.com/2015/07/07/leaked-documents-confirm-hacking-team-sells-spyware-repressive-countries/,,,,,,,
Saudi Arabia,MENA,0.016,1.50195384025574,CA,Spyware,2017-2018,2018,NSO Group,Israel,,,https://citizenlab.ca/2018/09/hide-and-seek-tracking-nso-groups-pegasus-spyware-to-operations-in-45-countries/,https://citizenlab.ca/2018/10/the-kingdom-came-to-canada-how-saudi-linked-digital-espionage-reached-canadian-soil/,https://www.nytimes.com/2021/07/17/world/middleeast/israel-saudi-khashoggi-hacking-nso.html,https://www.amnesty.org/en/latest/research/2018/08/amnesty-international-among-targets-of-nso-powered-campaign/,https://www.newarab.com/news/israeli-spyware-company-implicated-whatsapp-call-hack,,,,
Saudi Arabia,MENA,0.016,1.50195384025574,CA,Spyware,2019-2021,2021,Quadream,Israel,,,https://freedomhouse.org/country/saudi-arabia/freedom-net/2022,https://www.nytimes.com/2021/07/17/world/middleeast/israel-saudi-khashoggi-hacking-nso.html,http://web.archive.org/web/20220210223216/https://www.haaretz.com/israel-news/tech-news/.premium.HIGHLIGHT-the-secret-israeli-cyber-firm-selling-spy-tech-to-saudia-arabia-1.9884403,,,,,,
Serbia,EUR,0.336,-0.00586130563169718,EA,Spyware,,2021,Cytrox,"Israel, Hungary",,,https://blog.google/threat-analysis-group/protecting-android-users-from-0-day-attacks/,https://citizenlab.ca/2021/12/pegasus-vs-predator-dissidents-doubly-infected-iphone-reveals-cytrox-mercenary-spyware/,,,,,,,
Serbia,EUR,0.336,-0.00586130563169718,EA,Spyware,,2015,FinFisher,Germany,FinFisher use linked to Security Information Agency,,https://citizenlab.ca/2015/10/mapping-finfishers-continuing-proliferation/,,,,,,,,
Singapore,EAP,0.404,0.0485640019178391,EA,Spyware,,2013,FinFisher,Germany,Legal framework regulating communications interception falls short of international human rights standards, oversight is nonexistent,,https://citizenlab.ca/storage/finfisher/final/fortheireyesonly.pdf,https://freedomhouse.org/country/singapore/freedom-net/2019,https://privacyinternational.org/sites/default/files/2017-12/Singapore_UPR_PI_submission_FINAL.pdf,https://www.singapore-samizdat.com/a-timeline-of-singapore-and-spyware/,,,,
Singapore,EAP,0.404,0.0485640019178391,EA,Spyware,,2015,Hacking Team,Italy,,,https://web.archive.org/web/20210308001659/https://www.businessinsider.com/hacked-security-companys-document-2015-7?r=US&IR=T,https://www.singapore-samizdat.com/a-timeline-of-singapore-and-spyware/,https://citizenlab.ca/2014/02/mapping-hacking-teams-untraceable-spyware/,,,,,,
Singapore,EAP,0.404,0.0485640019178391,EA,Spyware,,2022,Quadream,Israel,Singapore is one of the first clients of Quadream.,,http://web.archive.org/web/20220208122612/https://www.reuters.com/technology/exclusive-iphone-flaw-exploited-by-second-israeli-spy-firm-sources-2022-02-03/,https://www.singapore-samizdat.com/a-timeline-of-singapore-and-spyware/,,,,,,,
Slovenia,EUR,0.703,-0.870968878269196,ED,Spyware,,2015,FinFisher,Germany,Identified as a FinFisher client,x,http://web.archive.org/web/20220418094632/https://citizenlab.ca/2015/10/mapping-finfishers-continuing-proliferation/,,,,,,,,
South Africa,AF,0.715,-0.807994723320007,ED,Spyware,2009-2012,2013,FinFisher,Germany,"Reportedly conducted surveillance of activists, journalists and perceived political opponents",,https://citizenlab.ca/storage/finfisher/final/fortheireyesonly.pdf,https://privacyinternational.org/state-privacy/1010/state-privacy-south-africa#commssurveillance,https://mybroadband.co.za/news/security/119370-how-secret-sars-unit-spied-on-south-africans-report.html,,,,,,
Spain,EUR,0.856,-1.11703419685364,LD,Spyware,2020,2021,Candiru,Israel,,,https://citizenlab.ca/2021/07/hooking-candiru-another-mercenary-spyware-vendor-comes-into-focus/,https://citizenlab.ca/2022/04/catalangate-extensive-mercenary-spyware-operation-against-catalans-using-pegasus-candiru/,https://www.europarl.europa.eu/RegData/etudes/IDAN/2022/732268/IPOL_IDA(2022)732268_EN.pdf,https://www.microsoft.com/en-us/security/blog/2021/07/15/protecting-customers-from-a-private-sector-offensive-actor-using-0-day-exploits-and-devilstongue-malware/,,,,,
Spain,EUR,0.856,-1.11703419685364,LD,Spyware,,2021,Cytrox,"Israel, Hungary",,,https://blog.google/threat-analysis-group/protecting-android-users-from-0-day-attacks/,,,,,,,,
Spain,EUR,0.856,-1.11703419685364,LD,Spyware,2010-2016,2015,Hacking Team,Italy,,,https://citizenlab.ca/2022/04/catalangate-extensive-mercenary-spyware-operation-against-catalans-using-pegasus-candiru/#finding-catalans-targeted-with-candiru,https://elpais.com/politica/2015/07/07/actualidad/1436284983_731864.html,,,,,,,
Spain,EUR,0.856,-1.11703419685364,LD,Spyware,"2015, 2017-2020",2020,NSO Group,Israel,Government targeted Catalan politicians,,https://www.theguardian.com/world/2020/jul/13/phone-of-top-catalan-politician-targeted-by-government-grade-spyware,https://citizenlab.ca/2022/04/catalangate-extensive-mercenary-spyware-operation-against-catalans-using-pegasus-candiru/,https://www.europarl.europa.eu/RegData/etudes/IDAN/2022/732268/IPOL_IDA(2022)732268_EN.pdf,https://www.theguardian.com/technology/2020/jul/28/whatsapp-confirms-catalan-politicians-phone-was-target-of-2019-attack,,,,,
Sudan,AF,0.184,1.47795367240906,CA,Spyware,,2022,Cytrox,"Israel, Hungary",Allegedly equipped the Rapid Support Forces with sophisticated surveillance technology,,https://www.lighthousereports.nl/investigation/flight-of-the-predator/,,,,,,,,
Sudan,AF,0.184,1.47795367240906,CA,Spyware,,2014,Hacking Team,Italy,Conducted surveillance against regime opponents,,https://citizenlab.ca/2014/02/mapping-hacking-teams-untraceable-spyware/,https://theintercept.com/2015/07/07/leaked-documents-confirm-hacking-team-sells-spyware-repressive-countries/,,,,,,,
Switzerland,EUR,0.885,-1.43624103069305,LD,Spyware,,2011,DigiTask,Germany,DigiTask sold spyware to public authorities in Switzerland.,,http://web.archive.org/web/20210507100000/https://www.dw.com/en/german-company-behind-government-spyware-admits-sale-to-bavaria/a-15453150,,,,,,,,
Thailand,EAP,0.198,0.445658951997757,CA,Spyware,2013-2014,2014,Hacking Team,Italy,"Engaged in targeted surveillance against civil society, regime opponents",,https://citizenlab.ca/2014/02/mapping-hacking-teams-untraceable-spyware/,https://www.bangkokpost.com/thailand/general/626964/privacy-fears-over-hacking-revelations,,,,,,,
Thailand,EAP,0.198,0.445658951997757,CA,Spyware,2020-2021,2022,NSO Group,Israel,,,https://citizenlab.ca/2022/07/geckospy-pegasus-spyware-used-against-thailands-pro-democracy-movement/,https://www.washingtonpost.com/technology/2022/07/17/pegasus-nso-thailand-apple/,,,,,,,
Togo,AF,0.368,0.564165651798248,EA,Spyware,2019,2020,NSO Group,Israel,"Targeted Togo civil society during nationwide pro-reform protests, which the state forcibly dispersed",,https://citizenlab.ca/2018/09/hide-and-seek-tracking-nso-groups-pegasus-spyware-to-operations-in-45-countries/,https://citizenlab.ca/2020/08/nothing-sacred-nso-sypware-in-togo/,https://web.archive.org/web/20220211221022/https://www.amnesty.org/en/latest/news/2021/07/the-pegasus-project/,,,,,,
Turkey,EUR,0.279,1.18913781642914,EA,Digital forensics,2011,2017,Cellebrite,Israel,,,http://web.archive.org/web/20220309124943/https://www.vice.com/en/article/aekqjj/cellebrite-sold-phone-hacking-tech-to-repressive-regimes-data-suggests,,,,,,,,
Turkey,EUR,0.279,1.18913781642914,EA,Spyware,2015,2015,FinFisher,Germany,,,https://citizenlab.ca/2015/10/mapping-finfishers-continuing-proliferation/,https://www.politico.eu/wp-content/uploads/2022/11/08/PEGA-draft-report-final-8-1117473.pdf,https://www.ecchr.eu/en/case/surveillance-software-germany-turkey-finfisher/,,,,,,
Turkey,EUR,0.279,1.18913781642914,EA,Spyware,2013,2014,Hacking Team,Italy,Taps and intercepts most forms of telecommunication,,https://citizenlab.ca/2014/02/mapping-hacking-teams-untraceable-spyware/,https://freedomhouse.org/country/turkey/freedom-net/2019,https://zetter.substack.com/p/hacking-team-customer-in-turkey-was,https://theintercept.com/2015/07/07/leaked-documents-confirm-hacking-team-sells-spyware-repressive-countries/,https://www.europarl.europa.eu/RegData/etudes/IDAN/2022/732268/IPOL_IDA(2022)732268_EN.pdf,,,,
Turkmenistan,SCA,0.15,2.54983043670654,EA,Spyware,"2013, 2015",2015,FinFisher,Germany,Conducted targeted surveillance against its citizens,,https://citizenlab.ca/2015/10/mapping-finfishers-continuing-proliferation/,https://privacyinternational.org/sites/default/files/2017-12/Private%20Interests%20with%20annex_0.pdf,http://web.archive.org/web/20211112015237/https://www.corpwatch.org/article/turkmenistan-and-oman-negotiated-buy-spy-software-wikileaks,https://citizenlab.ca/storage/finfisher/final/fortheireyesonly.pdf,,,,,
Uganda,AF,0.284,0.942224085330963,EA,Digital forensics,2017-present,2022,Cellebrite,Israel,"Large number of arbitrary arrests, disappearances, and tortures; detainees had  cellphones confiscated, allegedly for Cellebrite data extraction.",,https://www.haaretz.com/israel-news/security-aviation/2022-08-16/ty-article/.premium/israeli-firm-cellebrite-sold-phone-hacking-tools-to-ugandas-brutal-dictatorship/00000182-a69b-d14a-abfb-f79f4ae20000,https://www.haaretz.com/israel-news/security-aviation/2022-08-22/ty-article/.premium/after-haaretz-report-uganda-confirms-buying-israeli-cellebrites-phone-hacking-tech/00000182-c5a1-d204-abca-d7eda2690000,,,,,,,
Uganda,AF,0.284,0.942224085330963,EA,Spyware,2011-2013,2015,FinFisher,Germany,"Used spyware against opposition leaders, media, and establishment insiders",,https://www.privacyinternational.org/sites/default/files/2017-12/Uganda_Report_1.pdf,,,,,,,,
Uganda,AF,0.284,0.942224085330963,EA,Spyware,2019-2021,2021,NSO Group,Israel,"Pegasus was deployed to hack the phones of American diplomats, employees of the US embassy in Uganda, and journalists.",,https://freedomhouse.org/country/uganda/freedom-net/2022,https://citizenlab.ca/2018/09/hide-and-seek-tracking-nso-groups-pegasus-spyware-to-operations-in-45-countries/,https://www.washingtonpost.com/technology/2021/12/03/israel-nso-pegasus-hack-us-diplomats/,https://www.nytimes.com/2021/12/04/world/africa/uganda-hack-pegasus-spyware.html,,,,,
United Arab Emirates,MENA,0.1,1.62437832355499,CA,Spyware,2021,2021,Candiru,Israel,,,https://citizenlab.ca/2021/07/hooking-candiru-another-mercenary-spyware-vendor-comes-into-focus/,https://web.archive.org/web/20220516003857/https://www.forbes.com/sites/thomasbrewster/2019/10/03/meet-candiru-the-super-stealth-cyber-mercenaries-hacking-apple-and-microsoft-pcs-for-profit/?sh=3e6dfdf25a39,https://www.microsoft.com/en-us/security/blog/2021/07/15/protecting-customers-from-a-private-sector-offensive-actor-using-0-day-exploits-and-devilstongue-malware/,,,,,,
United Arab Emirates,MENA,0.1,1.62437832355499,CA,Digital forensics,2011,2017,Cellebrite,Israel,,,https://www.vice.com/en/article/aekqjj/cellebrite-sold-phone-hacking-tech-to-repressive-regimes-data-suggests,,,,,,,,
United Arab Emirates,MENA,0.1,1.62437832355499,CA,Spyware,2016-?,2019,DarkMatter,United Arab Emirates,"DarkMatter recruited top cybersecurity talents, including former U.S. intelligence officers, to create surveillance programs for UAE security forces to target citizens.",,https://www.reuters.com/investigates/special-report/usa-spying-raven/,https://theintercept.com/2016/10/24/darkmatter-united-arab-emirates-spies-for-hire/,https://www.reuters.com/investigates/special-report/usa-spying-karma/,https://www.nytimes.com/2021/09/14/us/politics/darkmatter-uae-hacks.html,,,,,
United Arab Emirates,MENA,0.1,1.62437832355499,CA,Spyware,2011,2016,FinFisher,Germany,,,https://freedomhouse.org/country/united-arab-emirates/freedom-net/2022,https://citizenlab.ca/2016/08/million-dollar-dissident-iphone-zero-day-nso-group-uae/,,,,,,,
United Arab Emirates,MENA,0.1,1.62437832355499,CA,Spyware,2012,2012,Hacking Team,Italy,Surveilled newspaper editor, tracked regime opponents,,https://citizenlab.ca/2014/02/mapping-hacking-teams-untraceable-spyware/,https://citizenlab.ca/2012/10/backdoors-are-forever-hacking-team-and-the-targeting-of-dissent/,https://citizenlab.ca/2016/08/million-dollar-dissident-iphone-zero-day-nso-group-uae/,,,,,
United Arab Emirates,MENA,0.1,1.62437832355499,CA,Spyware,2016,2016,NSO Group,Israel,,,https://citizenlab.ca/2016/08/million-dollar-dissident-iphone-zero-day-nso-group-uae/,https://citizenlab.ca/2018/09/hide-and-seek-tracking-nso-groups-pegasus-spyware-to-operations-in-45-countries/,https://www.nytimes.com/2019/05/13/technology/nso-group-whatsapp-spying.html,,,,,,
United States,WH,0.821,-0.513141572475433,LD,Digital forensics,,2020,AccessData,United States,,,https://www.upturn.org/work/mass-extraction/,,,,,,,,
United States,WH,0.821,-0.513141572475433,LD,Digital forensics,,2020,BlackBag,"United States, Israel",,,https://www.upturn.org/work/mass-extraction/,https://www.forbes.com/sites/thomasbrewster/2020/01/14/an-israel-us-merger-creates-an-apple-hacking-powerhouse-for-the-feds/?sh=b33afd51579f,,,,,,,
United States,WH,0.821,-0.513141572475433,LD,Digital forensics,2009 - present,2016,Cellebrite,Israel,History of US law enforcement using Cellebrite's UFED to crack into phones, Federal Bureau of Investigation (FBI) has purchased at least $2 million worth of Cellebrite products since 2012,,https://freedomhouse.org/country/united-states/freedom-net/2019#footnote16_d5oig8p,https://www.thedailybeast.com/ice-has-a-new-dollar30m-contract-with-israeli-phone-cracking-company-cellebrite,https://www.vice.com/en_us/article/aekqkj/us-state-police-have-spent-millions-on-israeli-phone-cracking-tech-celleb-ritea,https://www.upturn.org/work/mass-extraction/,http://web.archive.org/web/20220225222414/https://theintercept.com/2016/10/31/fbis-go-hackers/,https://www.vice.com/en/article/4xa3eq/meet-cellebrite-the-israeli-company-reportedly-cracking-iphones-for-the-fbi,,
United States,WH,0.821,-0.513141572475433,LD,Digital forensics,,2017,Elcomsoft,Russia,,x,https://www.forbes.com/sites/thomasbrewster/2017/08/30/russian-hackers-help-us-with-encryption-nightmare/?sh=629ab0d43e68,,,,,,,,
United States,WH,0.821,-0.513141572475433,LD,Digital forensics,,2018,Grayshift,United States,"Different parts of the USG, from local cops to federal agencies, have bought GrayKey to unlock and bypass phone encryption",,http://www.vice.com/en_us/article/mbxba4/graykey-grayshift-dea-iphone-hack,https://www.forbes.com/sites/thomasbrewster/2020/01/14/an-israel-us-merger-creates-an-apple-hacking-powerhouse-for-the-feds/?sh=b33afd51579f,https://www.vice.com/en/article/93an8a/this-is-the-graykey-20-the-tool-cops-use-to-hack-phones,https://www.vice.com/en/article/xw5bqz/documents-prove-local-cops-have-bought-cheap-iphone-cracking-tech,https://www.vice.com/en/article/kzxwwz/state-department-seemingly-buys-dollar15000-iphone-cracking-tech-graykey,https://www.nytimes.com/2018/03/24/us/politics/unlock-phones-encryption.html,,,
United States,WH,0.821,-0.513141572475433,LD,Spyware,2011-2015,2015,Hacking Team,Italy,"FBI, Drug Enforcement Administration, and the US Army implicated in dealings with Hacking Team.",,https://www.wired.com/2015/07/fbi-spent-775k-hacking-teams-spy-tools-since-2011/,https://www.forbes.com/sites/thomasbrewster/2015/07/06/us-gov-likes-hacking-team/?sh=3582b8b57681,,,,,,,
United States,WH,0.821,-0.513141572475433,LD,Digital forensics,,2020,Magnet Forensics,Canada,,,https://www.upturn.org/work/mass-extraction/,https://epic.org/how-cbp-uses-hacking-technology-to-search-international-travelers-phones/,,,,,,,
United States,WH,0.821,-0.513141572475433,LD,Digital forensics,,2020,MSAB,Sweden,"The Department of Homeland Security, the U.S. military and others used MSAB; U.S. Customs and Border Protection used MSAB to obtain personal information started inside cars.",,https://www.upturn.org/work/mass-extraction/,http://web.archive.org/web/20220225222414/https://theintercept.com/2016/10/31/fbis-go-hackers/,https://theintercept.com/2021/05/03/car-surveillance-berla-msab-cbp/,https://www.vice.com/en/article/n7jevz/government-report-reveals-its-favorite-way-to-hack-iphones-without-backdoors,,,,,
United States,WH,0.821,-0.513141572475433,LD,Digital forensics,,2017,Oxygen Software,Russia,,,https://theintercept.com/2016/10/31/fbis-go-hackers/,https://www.upturn.org/work/mass-extraction/,https://www.dhs.gov/sites/default/files/2022-02/22_st_0222_Test%20Results%20for%20Mobile%20Device%20Acquisition%20Tool-Oxygen%20Forensic%20Detective%20v13.6.0.47.pdf,https://www.forbes.com/sites/thomasbrewster/2017/08/30/russian-hackers-help-us-with-encryption-nightmare/?sh=629ab0d43e68,,,,,
United States,WH,0.821,-0.513141572475433,LD,Digital forensics,,2020,Paraben ,United States,,,https://www.upturn.org/work/mass-extraction/,https://www.vice.com/en/article/aekqkj/us-state-police-have-spent-millions-on-israeli-phone-cracking-tech-cellebrite,https://www.vice.com/en/article/n7jevz/government-report-reveals-its-favorite-way-to-hack-iphones-without-backdoors,,,,,,
United States,WH,0.821,-0.513141572475433,LD,Spyware,,2022,Paragon,Israel,"White House allowing the D.E.A. to use Graphite, hacking tool made by Paragon, for operations against drug cartels",,https://www.nytimes.com/2022/12/08/us/politics/spyware-nso-pegasus-paragon.html?smid=nytcore-ios-share&referringSource=articleShare,,,,,,,,
United States,WH,0.821,-0.513141572475433,LD,Digital forensics,,2017,Passware,United States,,,https://www.upturn.org/work/mass-extraction/,https://www.forbes.com/sites/thomasbrewster/2017/08/30/russian-hackers-help-us-with-encryption-nightmare/?sh=629ab0d43e68,,,,,,,
United States,WH,0.821,-0.513141572475433,LD,Digital forensics,,2016,Susteen,United States,,,https://www.upturn.org/work/mass-extraction/,https://www.chicagotribune.com/business/blue-sky/ct-software-apple-iphone-nowsecure-susteen-bsi-20160304-story.html,https://theintercept.com/2016/10/31/fbis-go-hackers/,,,,,,
Uzbekistan,SCA,0.216,1.1366651058197,CA,Spyware,,2021,Candiru,Israel,,,https://web.archive.org/web/20220516003857/https://www.forbes.com/sites/thomasbrewster/2019/10/03/meet-candiru-the-super-stealth-cyber-mercenaries-hacking-apple-and-microsoft-pcs-for-profit/?sh=3e6dfdf25a39,https://citizenlab.ca/2021/07/hooking-candiru-another-mercenary-spyware-vendor-comes-into-focus/,,,,,,,
Uzbekistan,SCA,0.216,1.1366651058197,CA,Spyware,,2014,Hacking Team,Italy,Extensive deployment of invasive software used to hijack devices,,https://citizenlab.ca/2014/02/mapping-hacking-teams-untraceable-spyware/,https://privacyinternational.org/sites/default/files/2017-12/Private%20Interests%20with%20annex_0.pdf,,,,,,,
Uzbekistan,SCA,0.216,1.1366651058197,CA,Spyware,,2018,NSO Group,Israel,,x,https://citizenlab.ca/2018/09/hide-and-seek-tracking-nso-groups-pegasus-spyware-to-operations-in-45-countries/,,,,,,,,
Uzbekistan,SCA,0.216,1.1366651058197,CA,Digital forensics,,2013,Oxygen Software,Russia,,x,http://web.archive.org/web/20220119173726/https://www.accessnow.org/cms/assets/uploads/archive/docs/Commonwealth_of_Surveillance_States_ENG_1.pdf,,,,,,,,
Venezuela,WH,0.219,1.68077790737152,EA,Digital forensics,2013-present,2020,Cellebrite,Israel,,,https://www.haaretz.com/israel-news/tech-news/2020-09-10/ty-article/.premium/despite-sanctions-israeli-firm-sold-phone-hacking-tech-to-venezuela/0000017f-f355-df98-a5ff-f3fdba8c0000,https://www.itempnews.org/2022/02/20/cellebrite-hacking/,,,,,,,
Venezuela,WH,0.219,1.68077790737152,EA,Spyware,,2015,FinFisher,Germany,"Conducted widespread targeting of journalists, opposition",,https://citizenlab.ca/2015/10/mapping-finfishers-continuing-proliferation/,https://freedomhouse.org/country/venezuela/freedom-net/2019,https://www.accessnow.org/cms/assets/uploads/2018/05/FinFisher-changes-tactics-to-hook-critics-AN.pdf,,,,,,
Vietnam,EAP,0.22,0.8914675116539,CA,Spyware,,2021,Cytrox,"Israel, Hungary",Likely government-backed actors purchased exploits,x,http://web.archive.org/web/20220105210234/https://about.fb.com/wp-content/uploads/2021/12/Threat-Report-on-the-Surveillance-for-Hire-Industry.pdf,,,,,,,,
Vietnam,EAP,0.22,0.8914675116539,CA,Spyware,,2013,FinFisher,Germany,,,https://citizenlab.ca/storage/finfisher/final/fortheireyesonly.pdf,,,,,,,,
Zambia,AF,0.379,0.387025088071823,EA,Spyware,2018,2018,NSO Group,Israel,Government linked to Pegasus purchase,x,https://citizenlab.ca/2018/09/hide-and-seek-tracking-nso-groups-pegasus-spyware-to-operations-in-45-countries/,https://freedomhouse.org/country/zambia/freedom-net/2019,https://www.brookings.edu/techstream/how-digital-espionage-tools-exacerbate-authoritarianism-across-africa/,,,,,,
